Wall Distance (cm),Setpoint (cm),Error (cm),Duty Cycle Offset,Proportional Term,Integral Term,Derivative Term,Time (ms)
22,30,8,6640,6640,0,0,31.3
34,30,-4,-4908,-3320,0,-1588,62.6
34,30,-4,-3320,-3320,0,0,93.9
34,30,-4,-3320,-3320,0,0,125.2
34,30,-4,-3320,-3320,0,0,156.5
34,30,-4,-3320,-3320,0,0,187.8
33,30,-3,-2093,-2490,0,397,219.10000000000002
32,30,-2,-1263,-1660,0,397,250.40000000000003
32,30,-2,-1660,-1660,0,0,281.70000000000005
32,30,-2,-1660,-1660,0,0,313.00000000000006
31,30,-1,-433,-830,0,397,344.30000000000007
31,30,-1,-830,-830,0,0,375.6000000000001
30,30,0,397,0,0,397,406.9000000000001
30,30,0,0,0,0,0,438.2000000000001
30,30,0,0,0,0,0,469.5000000000001
30,30,0,0,0,0,0,500.8000000000001
30,30,0,0,0,0,0,532.1000000000001
30,30,0,0,0,0,0,563.4000000000001
30,30,0,0,0,0,0,594.7
30,30,0,0,0,0,0,626.0
30,30,0,0,0,0,0,657.3
30,30,0,0,0,0,0,688.5999999999999
30,30,0,0,0,0,0,719.8999999999999
30,30,0,0,0,0,0,751.1999999999998
30,30,0,0,0,0,0,782.4999999999998
30,30,0,0,0,0,0,813.7999999999997
30,30,0,0,0,0,0,845.0999999999997
30,30,0,0,0,0,0,876.3999999999996
30,30,0,0,0,0,0,907.6999999999996
30,30,0,0,0,0,0,938.9999999999995
30,30,0,0,0,0,0,970.2999999999995
30,30,0,0,0,0,0,1001.5999999999995
30,30,0,0,0,0,0,1032.8999999999994
30,30,0,0,0,0,0,1064.1999999999994
31,30,-1,-1227,-830,0,-397,1095.4999999999993
31,30,-1,-830,-830,0,0,1126.7999999999993
31,30,-1,-830,-830,0,0,1158.0999999999992
32,30,-2,-2057,-1660,0,-397,1189.3999999999992
32,30,-2,-1660,-1660,0,0,1220.6999999999991
32,30,-2,-1660,-1660,0,0,1251.999999999999
32,30,-2,-1660,-1660,0,0,1283.299999999999
32,30,-2,-1660,-1660,0,0,1314.599999999999
32,30,-2,-1660,-1660,0,0,1345.899999999999
32,30,-2,-1660,-1660,0,0,1377.199999999999
32,30,-2,-1660,-1660,0,0,1408.4999999999989
32,30,-2,-1660,-1660,0,0,1439.7999999999988
32,30,-2,-1660,-1660,0,0,1471.0999999999988
32,30,-2,-1660,-1660,0,0,1502.3999999999987
32,30,-2,-1660,-1660,0,0,1533.6999999999987
32,30,-2,-1660,-1660,0,0,1564.9999999999986
32,30,-2,-1660,-1660,0,0,1596.2999999999986
32,30,-2,-1660,-1660,0,0,1627.5999999999985
32,30,-2,-1660,-1660,0,0,1658.8999999999985
31,30,-1,-433,-830,0,397,1690.1999999999985
31,30,-1,-830,-830,0,0,1721.4999999999984
31,30,-1,-830,-830,0,0,1752.7999999999984
31,30,-1,-830,-830,0,0,1784.0999999999983
31,30,-1,-830,-830,0,0,1815.3999999999983
31,30,-1,-830,-830,0,0,1846.6999999999982
31,30,-1,-830,-830,0,0,1877.9999999999982
31,30,-1,-830,-830,0,0,1909.2999999999981
31,30,-1,-830,-830,0,0,1940.599999999998
31,30,-1,-830,-830,0,0,1971.899999999998
31,30,-1,-830,-830,0,0,2003.199999999998
31,30,-1,-830,-830,0,0,2034.499999999998
31,30,-1,-830,-830,0,0,2065.799999999998
31,30,-1,-830,-830,0,0,2097.099999999998
31,30,-1,-830,-830,0,0,2128.3999999999983
32,30,-2,-2057,-1660,0,-397,2159.6999999999985
32,30,-2,-1660,-1660,0,0,2190.9999999999986
32,30,-2,-1660,-1660,0,0,2222.299999999999
32,30,-2,-1660,-1660,0,0,2253.599999999999
32,30,-2,-1660,-1660,0,0,2284.899999999999
32,30,-2,-1660,-1660,0,0,2316.1999999999994
32,30,-2,-1660,-1660,0,0,2347.4999999999995
32,30,-2,-1660,-1660,0,0,2378.7999999999997
32,30,-2,-1660,-1660,0,0,2410.1
32,30,-2,-1660,-1660,0,0,2441.4
32,30,-2,-1660,-1660,0,0,2472.7000000000003
32,30,-2,-1660,-1660,0,0,2504.0000000000005
33,30,-3,-2887,-2490,0,-397,2535.3000000000006
33,30,-3,-2490,-2490,0,0,2566.600000000001
33,30,-3,-2490,-2490,0,0,2597.900000000001
33,30,-3,-2490,-2490,0,0,2629.200000000001
33,30,-3,-2490,-2490,0,0,2660.5000000000014
33,30,-3,-2490,-2490,0,0,2691.8000000000015
33,30,-3,-2490,-2490,0,0,2723.1000000000017
33,30,-3,-2490,-2490,0,0,2754.400000000002
33,30,-3,-2490,-2490,0,0,2785.700000000002
33,30,-3,-2490,-2490,0,0,2817.0000000000023
32,30,-2,-1263,-1660,0,397,2848.3000000000025
32,30,-2,-1660,-1660,0,0,2879.6000000000026
32,30,-2,-1660,-1660,0,0,2910.900000000003
32,30,-2,-1660,-1660,0,0,2942.200000000003
31,30,-1,-433,-830,0,397,2973.500000000003
31,30,-1,-830,-830,0,0,3004.8000000000034
31,30,-1,-830,-830,0,0,3036.1000000000035
31,30,-1,-830,-830,0,0,3067.4000000000037
30,30,0,397,0,0,397,3098.700000000004
30,30,0,0,0,0,0,3130.000000000004
30,30,0,0,0,0,0,3161.3000000000043
30,30,0,0,0,0,0,3192.6000000000045
30,30,0,0,0,0,0,3223.9000000000046
30,30,0,0,0,0,0,3255.200000000005
30,30,0,0,0,0,0,3286.500000000005
30,30,0,0,0,0,0,3317.800000000005
31,30,-1,-1227,-830,0,-397,3349.1000000000054
31,30,-1,-830,-830,0,0,3380.4000000000055
31,30,-1,-830,-830,0,0,3411.7000000000057
31,30,-1,-830,-830,0,0,3443.000000000006
31,30,-1,-830,-830,0,0,3474.300000000006
31,30,-1,-830,-830,0,0,3505.6000000000063
31,30,-1,-830,-830,0,0,3536.9000000000065
32,30,-2,-2057,-1660,0,-397,3568.2000000000066
32,30,-2,-1660,-1660,0,0,3599.500000000007
32,30,-2,-1660,-1660,0,0,3630.800000000007
32,30,-2,-1660,-1660,0,0,3662.100000000007
32,30,-2,-1660,-1660,0,0,3693.4000000000074
32,30,-2,-1660,-1660,0,0,3724.7000000000075
32,30,-2,-1660,-1660,0,0,3756.0000000000077
32,30,-2,-1660,-1660,0,0,3787.300000000008
32,30,-2,-1660,-1660,0,0,3818.600000000008
32,30,-2,-1660,-1660,0,0,3849.9000000000083
32,30,-2,-1660,-1660,0,0,3881.2000000000085
32,30,-2,-1660,-1660,0,0,3912.5000000000086
32,30,-2,-1660,-1660,0,0,3943.800000000009
32,30,-2,-1660,-1660,0,0,3975.100000000009
32,30,-2,-1660,-1660,0,0,4006.400000000009
32,30,-2,-1660,-1660,0,0,4037.7000000000094
32,30,-2,-1660,-1660,0,0,4069.0000000000095
31,30,-1,-433,-830,0,397,4100.300000000009
31,30,-1,-830,-830,0,0,4131.6000000000095
32,30,-2,-2057,-1660,0,-397,4162.90000000001
32,30,-2,-1660,-1660,0,0,4194.20000000001
31,30,-1,-433,-830,0,397,4225.50000000001
30,30,0,397,0,0,397,4256.80000000001
30,30,0,0,0,0,0,4288.10000000001
30,30,0,0,0,0,0,4319.400000000011
29,30,1,1227,830,0,397,4350.700000000011
27,30,3,3284,2490,0,794,4382.000000000011
28,30,2,1263,1660,0,-397,4413.300000000011
39,30,-9,-11837,-7470,0,-4367,4444.600000000011
72,30,-42,-16384,-34860,0,-13101,4475.9000000000115
76,30,-46,-16384,-38180,0,-1588,4507.200000000012
80,30,-50,-16384,-41500,0,-1588,4538.500000000012
80,30,-50,-16384,-41500,0,0,4569.800000000012
80,30,-50,-16384,-41500,0,0,4601.100000000012
80,30,-50,-16384,-41500,0,0,4632.400000000012
80,30,-50,-16384,-41500,0,0,4663.700000000013
72,30,-42,-16384,-34860,0,3176,4695.000000000013
44,30,-14,-504,-11620,0,11116,4726.300000000013
22,30,8,15374,6640,0,8734,4757.600000000013
22,30,8,6640,6640,0,0,4788.900000000013
22,30,8,6640,6640,0,0,4820.2000000000135
21,30,9,7867,7470,0,397,4851.500000000014
19,30,11,9924,9130,0,794,4882.800000000014
19,30,11,9130,9130,0,0,4914.100000000014
19,30,11,9130,9130,0,0,4945.400000000014
18,30,12,10357,9960,0,397,4976.700000000014
16,30,14,12414,11620,0,794,5008.000000000015
27,30,3,-1877,2490,0,-4367,5039.300000000015
37,30,-7,-9780,-5810,0,-3970,5070.600000000015
40,30,-10,-9491,-8300,0,-1191,5101.900000000015
40,30,-10,-8300,-8300,0,0,5133.200000000015
76,30,-46,-16384,-38180,0,-14292,5164.5000000000155
80,30,-50,-16384,-41500,0,-1588,5195.800000000016
80,30,-50,-16384,-41500,0,0,5227.100000000016
80,30,-50,-16384,-41500,0,0,5258.400000000016
80,30,-50,-16384,-41500,0,0,5289.700000000016
72,30,-42,-16384,-34860,0,3176,5321.000000000016
50,30,-20,-7866,-16600,0,8734,5352.300000000017
40,30,-10,-4330,-8300,0,3970,5383.600000000017
46,30,-16,-15662,-13280,0,-2382,5414.900000000017
56,30,-26,-16384,-21580,0,-3970,5446.200000000017
66,30,-36,-16384,-29880,0,-3970,5477.500000000017
58,30,-28,-16384,-23240,0,3176,5508.8000000000175
48,30,-18,-10970,-14940,0,3970,5540.100000000018
48,30,-18,-14940,-14940,0,0,5571.400000000018
50,30,-20,-16384,-16600,0,-794,5602.700000000018
42,30,-12,-6784,-9960,0,3176,5634.000000000018
39,30,-9,-6279,-7470,0,1191,5665.300000000018
36,30,-6,-3789,-4980,0,1191,5696.600000000019
32,30,-2,-72,-1660,0,1588,5727.900000000019
26,30,4,5702,3320,0,2382,5759.200000000019
23,30,7,7001,5810,0,1191,5790.500000000019
21,30,9,8264,7470,0,794,5821.800000000019
20,30,10,8697,8300,0,397,5853.1000000000195
19,30,11,9527,9130,0,397,5884.40000000002
19,30,11,9130,9130,0,0,5915.70000000002
20,30,10,7903,8300,0,-397,5947.00000000002
21,30,9,7073,7470,0,-397,5978.30000000002
24,30,6,3789,4980,0,-1191,6009.60000000002
27,30,3,1299,2490,0,-1191,6040.900000000021
30,30,0,-1191,0,0,-1191,6072.200000000021
33,30,-3,-3681,-2490,0,-1191,6103.500000000021
36,30,-6,-6171,-4980,0,-1191,6134.800000000021
40,30,-10,-9888,-8300,0,-1588,6166.100000000021
40,30,-10,-8300,-8300,0,0,6197.4000000000215
40,30,-10,-8300,-8300,0,0,6228.700000000022
40,30,-10,-8300,-8300,0,0,6260.000000000022
40,30,-10,-8300,-8300,0,0,6291.300000000022
40,30,-10,-8300,-8300,0,0,6322.600000000022
40,30,-10,-8300,-8300,0,0,6353.900000000022
40,30,-10,-8300,-8300,0,0,6385.200000000023
40,30,-10,-8300,-8300,0,0,6416.500000000023
39,30,-9,-7073,-7470,0,397,6447.800000000023
38,30,-8,-6243,-6640,0,397,6479.100000000023
36,30,-6,-4186,-4980,0,794,6510.400000000023
36,30,-6,-4980,-4980,0,0,6541.7000000000235
35,30,-5,-3753,-4150,0,397,6573.000000000024
34,30,-4,-2923,-3320,0,397,6604.300000000024
32,30,-2,-866,-1660,0,794,6635.600000000024
31,30,-1,-433,-830,0,397,6666.900000000024
30,30,0,397,0,0,397,6698.200000000024
29,30,1,1227,830,0,397,6729.500000000025
29,30,1,830,830,0,0,6760.800000000025
29,30,1,830,830,0,0,6792.100000000025
29,30,1,830,830,0,0,6823.400000000025
29,30,1,830,830,0,0,6854.700000000025
29,30,1,830,830,0,0,6886.0000000000255
30,30,0,-397,0,0,-397,6917.300000000026
30,30,0,0,0,0,0,6948.600000000026
30,30,0,0,0,0,0,6979.900000000026
30,30,0,0,0,0,0,7011.200000000026
30,30,0,0,0,0,0,7042.500000000026
30,30,0,0,0,0,0,7073.800000000027
30,30,0,0,0,0,0,7105.100000000027
32,30,-2,-2454,-1660,0,-794,7136.400000000027
33,30,-3,-2887,-2490,0,-397,7167.700000000027
33,30,-3,-2490,-2490,0,0,7199.000000000027
32,30,-2,-1263,-1660,0,397,7230.3000000000275
31,30,-1,-433,-830,0,397,7261.600000000028
30,30,0,397,0,0,397,7292.900000000028
30,30,0,0,0,0,0,7324.200000000028
29,30,1,1227,830,0,397,7355.500000000028
29,30,1,830,830,0,0,7386.800000000028
29,30,1,830,830,0,0,7418.100000000029
28,30,2,2057,1660,0,397,7449.400000000029
27,30,3,2887,2490,0,397,7480.700000000029
25,30,5,4944,4150,0,794,7512.000000000029
27,30,3,1696,2490,0,-794,7543.300000000029
42,30,-12,-15915,-9960,0,-5955,7574.6000000000295
80,30,-50,-16384,-41500,0,-15086,7605.90000000003
80,30,-50,-16384,-41500,0,0,7637.20000000003
80,30,-50,-16384,-41500,0,0,7668.50000000003
80,30,-50,-16384,-41500,0,0,7699.80000000003
80,30,-50,-16384,-41500,0,0,7731.10000000003
80,30,-50,-16384,-41500,0,0,7762.400000000031
80,30,-50,-16384,-41500,0,0,7793.700000000031
74,30,-44,-16384,-36520,0,2382,7825.000000000031
50,30,-20,-7072,-16600,0,9528,7856.300000000031
30,30,0,7940,0,0,7940,7887.600000000031
22,30,8,9816,6640,0,3176,7918.9000000000315
20,30,10,9094,8300,0,794,7950.200000000032
20,30,10,8300,8300,0,0,7981.500000000032
22,30,8,5846,6640,0,-794,8012.800000000032
22,30,8,6640,6640,0,0,8044.100000000032
20,30,10,9094,8300,0,794,8075.400000000032
18,30,12,10754,9960,0,794,8106.700000000033
14,30,16,14868,13280,0,1588,8138.000000000033
20,30,10,5918,8300,0,-2382,8169.300000000033
29,30,1,-2743,830,0,-3573,8200.600000000033
44,30,-14,-16384,-11620,0,-5955,8231.900000000032
46,30,-16,-14074,-13280,0,-794,8263.200000000032
48,30,-18,-15734,-14940,0,-794,8294.500000000031
52,30,-22,-16384,-18260,0,-1588,8325.80000000003
62,30,-32,-16384,-26560,0,-3970,8357.10000000003
54,30,-24,-16384,-19920,0,3176,8388.400000000029
54,30,-24,-16384,-19920,0,0,8419.700000000028
50,30,-20,-15012,-16600,0,1588,8451.000000000027
46,30,-16,-11692,-13280,0,1588,8482.300000000027
46,30,-16,-13280,-13280,0,0,8513.600000000026
42,30,-12,-8372,-9960,0,1588,8544.900000000025
46,30,-16,-14868,-13280,0,-1588,8576.200000000024
60,30,-30,-16384,-24900,0,-5558,8607.500000000024
80,30,-50,-16384,-41500,0,-7940,8638.800000000023
80,30,-50,-16384,-41500,0,0,8670.100000000022
74,30,-44,-16384,-36520,0,2382,8701.400000000021
64,30,-34,-16384,-28220,0,3970,8732.70000000002
48,30,-18,-8588,-14940,0,6352,8764.00000000002
48,30,-18,-14940,-14940,0,0,8795.30000000002
46,30,-16,-12486,-13280,0,794,8826.600000000019
42,30,-12,-8372,-9960,0,1588,8857.900000000018
36,30,-6,-2598,-4980,0,2382,8889.200000000017
29,30,1,3609,830,0,2779,8920.500000000016
25,30,5,5738,4150,0,1588,8951.800000000016
22,30,8,7831,6640,0,1191,8983.100000000015
18,30,12,11548,9960,0,1588,9014.400000000014
16,30,14,12414,11620,0,794,9045.700000000013
15,30,15,12847,12450,0,397,9077.000000000013
15,30,15,12450,12450,0,0,9108.300000000012
16,30,14,11223,11620,0,-397,9139.600000000011
18,30,12,9166,9960,0,-794,9170.90000000001
24,30,6,2598,4980,0,-2382,9202.20000000001
29,30,1,-1155,830,0,-1985,9233.50000000001
36,30,-6,-7759,-4980,0,-2779,9264.800000000008
39,30,-9,-8661,-7470,0,-1191,9296.100000000008
42,30,-12,-11151,-9960,0,-1191,9327.400000000007
44,30,-14,-12414,-11620,0,-794,9358.700000000006
44,30,-14,-11620,-11620,0,0,9390.000000000005
42,30,-12,-9166,-9960,0,794,9421.300000000005
42,30,-12,-9960,-9960,0,0,9452.600000000004
44,30,-14,-12414,-11620,0,-794,9483.900000000003
44,30,-14,-11620,-11620,0,0,9515.200000000003
40,30,-10,-6712,-8300,0,1588,9546.500000000002
39,30,-9,-7073,-7470,0,397,9577.800000000001
38,30,-8,-6243,-6640,0,397,9609.1
37,30,-7,-5413,-5810,0,397,9640.4
35,30,-5,-3356,-4150,0,794,9671.699999999999
33,30,-3,-1696,-2490,0,794,9702.999999999998
31,30,-1,-36,-830,0,794,9734.299999999997
30,30,0,397,0,0,397,9765.599999999997
29,30,1,1227,830,0,397,9796.899999999996
29,30,1,830,830,0,0,9828.199999999995
28,30,2,2057,1660,0,397,9859.499999999995
28,30,2,1660,1660,0,0,9890.799999999994
28,30,2,1660,1660,0,0,9922.099999999993
28,30,2,1660,1660,0,0,9953.399999999992
29,30,1,433,830,0,-397,9984.699999999992
29,30,1,830,830,0,0,10015.99999999999
29,30,1,830,830,0,0,10047.29999999999
30,30,0,-397,0,0,-397,10078.59999999999
30,30,0,0,0,0,0,10109.899999999989
30,30,0,0,0,0,0,10141.199999999988
30,30,0,0,0,0,0,10172.499999999987
31,30,-1,-1227,-830,0,-397,10203.799999999987
31,30,-1,-830,-830,0,0,10235.099999999986
32,30,-2,-2057,-1660,0,-397,10266.399999999985
33,30,-3,-2887,-2490,0,-397,10297.699999999984
33,30,-3,-2490,-2490,0,0,10328.999999999984
33,30,-3,-2490,-2490,0,0,10360.299999999983
34,30,-4,-3717,-3320,0,-397,10391.599999999982
34,30,-4,-3320,-3320,0,0,10422.899999999981
34,30,-4,-3320,-3320,0,0,10454.19999999998
34,30,-4,-3320,-3320,0,0,10485.49999999998
34,30,-4,-3320,-3320,0,0,10516.79999999998
34,30,-4,-3320,-3320,0,0,10548.099999999979
33,30,-3,-2093,-2490,0,397,10579.399999999978
33,30,-3,-2490,-2490,0,0,10610.699999999977
33,30,-3,-2490,-2490,0,0,10641.999999999976
33,30,-3,-2490,-2490,0,0,10673.299999999976
32,30,-2,-1263,-1660,0,397,10704.599999999975
32,30,-2,-1660,-1660,0,0,10735.899999999974
31,30,-1,-433,-830,0,397,10767.199999999973
31,30,-1,-830,-830,0,0,10798.499999999973
31,30,-1,-830,-830,0,0,10829.799999999972
30,30,0,397,0,0,397,10861.099999999971
31,30,-1,-1227,-830,0,-397,10892.39999999997
31,30,-1,-830,-830,0,0,10923.69999999997
31,30,-1,-830,-830,0,0,10954.999999999969
31,30,-1,-830,-830,0,0,10986.299999999968
31,30,-1,-830,-830,0,0,11017.599999999968
31,30,-1,-830,-830,0,0,11048.899999999967
31,30,-1,-830,-830,0,0,11080.199999999966
31,30,-1,-830,-830,0,0,11111.499999999965
32,30,-2,-2057,-1660,0,-397,11142.799999999965
32,30,-2,-1660,-1660,0,0,11174.099999999964
32,30,-2,-1660,-1660,0,0,11205.399999999963
32,30,-2,-1660,-1660,0,0,11236.699999999963
32,30,-2,-1660,-1660,0,0,11267.999999999962
33,30,-3,-2887,-2490,0,-397,11299.299999999961
33,30,-3,-2490,-2490,0,0,11330.59999999996
33,30,-3,-2490,-2490,0,0,11361.89999999996
33,30,-3,-2490,-2490,0,0,11393.199999999959
33,30,-3,-2490,-2490,0,0,11424.499999999958
33,30,-3,-2490,-2490,0,0,11455.799999999957
33,30,-3,-2490,-2490,0,0,11487.099999999957
32,30,-2,-1263,-1660,0,397,11518.399999999956
32,30,-2,-1660,-1660,0,0,11549.699999999955
32,30,-2,-1660,-1660,0,0,11580.999999999955
31,30,-1,-433,-830,0,397,11612.299999999954
31,30,-1,-830,-830,0,0,11643.599999999953
31,30,-1,-830,-830,0,0,11674.899999999952
31,30,-1,-830,-830,0,0,11706.199999999952
31,30,-1,-830,-830,0,0,11737.49999999995
31,30,-1,-830,-830,0,0,11768.79999999995
31,30,-1,-830,-830,0,0,11800.09999999995
31,30,-1,-830,-830,0,0,11831.399999999949
30,30,0,397,0,0,397,11862.699999999948
30,30,0,0,0,0,0,11893.999999999947
30,30,0,0,0,0,0,11925.299999999947
30,30,0,0,0,0,0,11956.599999999946
30,30,0,0,0,0,0,11987.899999999945
30,30,0,0,0,0,0,12019.199999999944
30,30,0,0,0,0,0,12050.499999999944
30,30,0,0,0,0,0,12081.799999999943
31,30,-1,-1227,-830,0,-397,12113.099999999942
31,30,-1,-830,-830,0,0,12144.399999999941
31,30,-1,-830,-830,0,0,12175.69999999994
31,30,-1,-830,-830,0,0,12206.99999999994
31,30,-1,-830,-830,0,0,12238.29999999994
31,30,-1,-830,-830,0,0,12269.599999999939
31,30,-1,-830,-830,0,0,12300.899999999938
31,30,-1,-830,-830,0,0,12332.199999999937
31,30,-1,-830,-830,0,0,12363.499999999936
31,30,-1,-830,-830,0,0,12394.799999999936
31,30,-1,-830,-830,0,0,12426.099999999935
31,30,-1,-830,-830,0,0,12457.399999999934
32,30,-2,-2057,-1660,0,-397,12488.699999999933
32,30,-2,-1660,-1660,0,0,12519.999999999933
32,30,-2,-1660,-1660,0,0,12551.299999999932
32,30,-2,-1660,-1660,0,0,12582.599999999931
32,30,-2,-1660,-1660,0,0,12613.89999999993
32,30,-2,-1660,-1660,0,0,12645.19999999993
32,30,-2,-1660,-1660,0,0,12676.499999999929
32,30,-2,-1660,-1660,0,0,12707.799999999928
32,30,-2,-1660,-1660,0,0,12739.099999999928
32,30,-2,-1660,-1660,0,0,12770.399999999927
32,30,-2,-1660,-1660,0,0,12801.699999999926
31,30,-1,-433,-830,0,397,12832.999999999925
31,30,-1,-830,-830,0,0,12864.299999999925
31,30,-1,-830,-830,0,0,12895.599999999924
31,30,-1,-830,-830,0,0,12926.899999999923
31,30,-1,-830,-830,0,0,12958.199999999923
31,30,-1,-830,-830,0,0,12989.499999999922
31,30,-1,-830,-830,0,0,13020.799999999921
31,30,-1,-830,-830,0,0,13052.09999999992
31,30,-1,-830,-830,0,0,13083.39999999992
31,30,-1,-830,-830,0,0,13114.699999999919
31,30,-1,-830,-830,0,0,13145.999999999918
31,30,-1,-830,-830,0,0,13177.299999999917
31,30,-1,-830,-830,0,0,13208.599999999917
31,30,-1,-830,-830,0,0,13239.899999999916
31,30,-1,-830,-830,0,0,13271.199999999915
31,30,-1,-830,-830,0,0,13302.499999999915
31,30,-1,-830,-830,0,0,13333.799999999914
31,30,-1,-830,-830,0,0,13365.099999999913
31,30,-1,-830,-830,0,0,13396.399999999912
32,30,-2,-2057,-1660,0,-397,13427.699999999912
32,30,-2,-1660,-1660,0,0,13458.99999999991
32,30,-2,-1660,-1660,0,0,13490.29999999991
32,30,-2,-1660,-1660,0,0,13521.59999999991
32,30,-2,-1660,-1660,0,0,13552.899999999909
32,30,-2,-1660,-1660,0,0,13584.199999999908
32,30,-2,-1660,-1660,0,0,13615.499999999907
32,30,-2,-1660,-1660,0,0,13646.799999999907
32,30,-2,-1660,-1660,0,0,13678.099999999906
32,30,-2,-1660,-1660,0,0,13709.399999999905
32,30,-2,-1660,-1660,0,0,13740.699999999904
32,30,-2,-1660,-1660,0,0,13771.999999999904
31,30,-1,-433,-830,0,397,13803.299999999903
31,30,-1,-830,-830,0,0,13834.599999999902
31,30,-1,-830,-830,0,0,13865.899999999901
31,30,-1,-830,-830,0,0,13897.1999999999
31,30,-1,-830,-830,0,0,13928.4999999999
32,30,-2,-2057,-1660,0,-397,13959.7999999999
32,30,-2,-1660,-1660,0,0,13991.099999999899
32,30,-2,-1660,-1660,0,0,14022.399999999898
31,30,-1,-433,-830,0,397,14053.699999999897
30,30,0,397,0,0,397,14084.999999999896
29,30,1,1227,830,0,397,14116.299999999896
29,30,1,830,830,0,0,14147.599999999895
29,30,1,830,830,0,0,14178.899999999894
28,30,2,2057,1660,0,397,14210.199999999893
37,30,-7,-9383,-5810,0,-3573,14241.499999999893
42,30,-12,-11945,-9960,0,-1985,14272.799999999892
48,30,-18,-16384,-14940,0,-2382,14304.099999999891
50,30,-20,-16384,-16600,0,-794,14335.39999999989
50,30,-20,-16384,-16600,0,0,14366.69999999989
50,30,-20,-16384,-16600,0,0,14397.999999999889
48,30,-18,-14146,-14940,0,794,14429.299999999888
48,30,-18,-14940,-14940,0,0,14460.599999999888
44,30,-14,-10032,-11620,0,1588,14491.899999999887
29,30,1,6785,830,0,5955,14523.199999999886
23,30,7,8192,5810,0,2382,14554.499999999885
21,30,9,8264,7470,0,794,14585.799999999885
22,30,8,6243,6640,0,-397,14617.099999999884
21,30,9,7867,7470,0,397,14648.399999999883
20,30,10,8697,8300,0,397,14679.699999999882
20,30,10,8300,8300,0,0,14710.999999999882
18,30,12,10754,9960,0,794,14742.299999999881
17,30,13,11187,10790,0,397,14773.59999999988
24,30,6,2201,4980,0,-2779,14804.89999999988
80,30,-50,-16384,-41500,0,-22232,14836.199999999879
80,30,-50,-16384,-41500,0,0,14867.499999999878
64,30,-34,-16384,-28220,0,6352,14898.799999999877
44,30,-14,-3680,-11620,0,7940,14930.099999999877
44,30,-14,-11620,-11620,0,0,14961.399999999876
44,30,-14,-11620,-11620,0,0,14992.699999999875
44,30,-14,-11620,-11620,0,0,15023.999999999874
44,30,-14,-11620,-11620,0,0,15055.299999999874
42,30,-12,-9166,-9960,0,794,15086.599999999873
48,30,-18,-16384,-14940,0,-2382,15117.899999999872
72,30,-42,-16384,-34860,0,-9528,15149.199999999872
74,30,-44,-16384,-36520,0,-794,15180.49999999987
44,30,-14,290,-11620,0,11910,15211.79999999987
60,30,-30,-16384,-24900,0,-6352,15243.09999999987
56,30,-26,-16384,-21580,0,1588,15274.399999999869
54,30,-24,-16384,-19920,0,794,15305.699999999868
52,30,-22,-16384,-18260,0,794,15336.999999999867
50,30,-20,-15806,-16600,0,794,15368.299999999866
50,30,-20,-16384,-16600,0,0,15399.599999999866
48,30,-18,-14146,-14940,0,794,15430.899999999865
48,30,-18,-14940,-14940,0,0,15462.199999999864
39,30,-9,-3897,-7470,0,3573,15493.499999999864
34,30,-4,-1335,-3320,0,1985,15524.799999999863
29,30,1,2815,830,0,1985,15556.099999999862
25,30,5,5738,4150,0,1588,15587.399999999861
19,30,11,11512,9130,0,2382,15618.69999999986
17,30,13,11584,10790,0,794,15649.99999999986
16,30,14,12017,11620,0,397,15681.29999999986
15,30,15,12847,12450,0,397,15712.599999999858
15,30,15,12450,12450,0,0,15743.899999999858
17,30,13,9996,10790,0,-794,15775.199999999857
18,30,12,9563,9960,0,-397,15806.499999999856
20,30,10,7506,8300,0,-794,15837.799999999856
26,30,4,938,3320,0,-2382,15869.099999999855
30,30,0,-1588,0,0,-1588,15900.399999999854
34,30,-4,-4908,-3320,0,-1588,15931.699999999853
37,30,-7,-7001,-5810,0,-1191,15962.999999999853
50,30,-20,-16384,-16600,0,-5161,15994.299999999852
42,30,-12,-6784,-9960,0,3176,16025.599999999851
40,30,-10,-7506,-8300,0,794,16056.89999999985
40,30,-10,-8300,-8300,0,0,16088.19999999985
39,30,-9,-7073,-7470,0,397,16119.499999999849
39,30,-9,-7470,-7470,0,0,16150.799999999848
40,30,-10,-8697,-8300,0,-397,16182.099999999848
42,30,-12,-10754,-9960,0,-794,16213.399999999847
48,30,-18,-16384,-14940,0,-2382,16244.699999999846
70,30,-40,-16384,-33200,0,-8734,16275.999999999845
76,30,-46,-16384,-38180,0,-2382,16307.299999999845
80,30,-50,-16384,-41500,0,-1588,16338.599999999844
62,30,-32,-16384,-26560,0,7146,16369.899999999843
42,30,-12,-2020,-9960,0,7940,16401.199999999844
37,30,-7,-3825,-5810,0,1985,16432.499999999844
35,30,-5,-3356,-4150,0,794,16463.799999999843
30,30,0,1985,0,0,1985,16495.099999999842
29,30,1,1227,830,0,397,16526.39999999984
26,30,4,4511,3320,0,1191,16557.69999999984
25,30,5,4547,4150,0,397,16588.99999999984
23,30,7,6604,5810,0,794,16620.29999999984
23,30,7,5810,5810,0,0,16651.59999999984
22,30,8,7037,6640,0,397,16682.899999999838
22,30,8,6640,6640,0,0,16714.199999999837
22,30,8,6640,6640,0,0,16745.499999999836
24,30,6,4186,4980,0,-794,16776.799999999836
25,30,5,3753,4150,0,-397,16808.099999999835
26,30,4,2923,3320,0,-397,16839.399999999834
27,30,3,2093,2490,0,-397,16870.699999999833
29,30,1,36,830,0,-794,16901.999999999833
30,30,0,-397,0,0,-397,16933.299999999832
31,30,-1,-1227,-830,0,-397,16964.59999999983
28,30,2,2851,1660,0,1191,16995.89999999983
44,30,-14,-16384,-11620,0,-6352,17027.19999999983
80,30,-50,-16384,-41500,0,-14292,17058.49999999983
80,30,-50,-16384,-41500,0,0,17089.79999999983
80,30,-50,-16384,-41500,0,0,17121.099999999828
80,30,-50,-16384,-41500,0,0,17152.399999999827
80,30,-50,-16384,-41500,0,0,17183.699999999826
80,30,-50,-16384,-41500,0,0,17214.999999999825
80,30,-50,-16384,-41500,0,0,17246.299999999825
48,30,-18,-2236,-14940,0,12704,17277.599999999824
26,30,4,12054,3320,0,8734,17308.899999999823
26,30,4,3320,3320,0,0,17340.199999999822
24,30,6,5774,4980,0,794,17371.49999999982
22,30,8,7434,6640,0,794,17402.79999999982
21,30,9,7867,7470,0,397,17434.09999999982
20,30,10,8697,8300,0,397,17465.39999999982
20,30,10,8300,8300,0,0,17496.69999999982
20,30,10,8300,8300,0,0,17527.999999999818
20,30,10,8300,8300,0,0,17559.299999999817
20,30,10,8300,8300,0,0,17590.599999999817
21,30,9,7073,7470,0,-397,17621.899999999816
25,30,5,2562,4150,0,-1588,17653.199999999815
34,30,-4,-6893,-3320,0,-3573,17684.499999999814
72,30,-42,-16384,-34860,0,-15086,17715.799999999814
80,30,-50,-16384,-41500,0,-3176,17747.099999999813
80,30,-50,-16384,-41500,0,0,17778.399999999812
80,30,-50,-16384,-41500,0,0,17809.69999999981
80,30,-50,-16384,-41500,0,0,17840.99999999981
80,30,-50,-16384,-41500,0,0,17872.29999999981
80,30,-50,-16384,-41500,0,0,17903.59999999981
80,30,-50,-16384,-41500,0,0,17934.89999999981
80,30,-50,-16384,-41500,0,0,17966.199999999808
54,30,-24,-9598,-19920,0,10322,17997.499999999807
72,30,-42,-16384,-34860,0,-7146,18028.799999999806
80,30,-50,-16384,-41500,0,-3176,18060.099999999806
80,30,-50,-16384,-41500,0,0,18091.399999999805
80,30,-50,-16384,-41500,0,0,18122.699999999804
80,30,-50,-16384,-41500,0,0,18153.999999999804
80,30,-50,-16384,-41500,0,0,18185.299999999803
80,30,-50,-16384,-41500,0,0,18216.599999999802
46,30,-16,218,-13280,0,13498,18247.8999999998
40,30,-10,-5918,-8300,0,2382,18279.1999999998
33,30,-3,289,-2490,0,2779,18310.4999999998
22,30,8,11007,6640,0,4367,18341.7999999998
10,30,20,16384,16600,0,4764,18373.0999999998
10,30,20,16384,16600,0,0,18404.399999999798
10,30,20,16384,16600,0,0,18435.699999999797
10,30,20,16384,16600,0,0,18466.999999999796
13,30,17,12919,14110,0,-1191,18498.299999999796
18,30,12,7975,9960,0,-1985,18529.599999999795
24,30,6,2598,4980,0,-2382,18560.899999999794
28,30,2,72,1660,0,-1588,18592.199999999793
36,30,-6,-8156,-4980,0,-3176,18623.499999999793
38,30,-8,-7434,-6640,0,-794,18654.799999999792
40,30,-10,-9094,-8300,0,-794,18686.09999999979
48,30,-18,-16384,-14940,0,-3176,18717.39999999979
80,30,-50,-16384,-41500,0,-12704,18748.69999999979
80,30,-50,-16384,-41500,0,0,18779.99999999979
80,30,-50,-16384,-41500,0,0,18811.29999999979
80,30,-50,-16384,-41500,0,0,18842.599999999788
80,30,-50,-16384,-41500,0,0,18873.899999999787
68,30,-38,-16384,-31540,0,4764,18905.199999999786
50,30,-20,-9454,-16600,0,7146,18936.499999999785
42,30,-12,-6784,-9960,0,3176,18967.799999999785
39,30,-9,-6279,-7470,0,1191,18999.099999999784
38,30,-8,-6243,-6640,0,397,19030.399999999783
35,30,-5,-2959,-4150,0,1191,19061.699999999782
31,30,-1,758,-830,0,1588,19092.99999999978
29,30,1,1624,830,0,794,19124.29999999978
28,30,2,2057,1660,0,397,19155.59999999978
27,30,3,2887,2490,0,397,19186.89999999978
25,30,5,4944,4150,0,794,19218.19999999978
25,30,5,4150,4150,0,0,19249.499999999778
24,30,6,5377,4980,0,397,19280.799999999777
24,30,6,4980,4980,0,0,19312.099999999777
24,30,6,4980,4980,0,0,19343.399999999776
25,30,5,3753,4150,0,-397,19374.699999999775
25,30,5,4150,4150,0,0,19405.999999999774
26,30,4,2923,3320,0,-397,19437.299999999774
27,30,3,2093,2490,0,-397,19468.599999999773
28,30,2,1263,1660,0,-397,19499.899999999772
29,30,1,433,830,0,-397,19531.19999999977
